 /tech/crypto/legitimacy-is-a-scarce-resource /link/legitimacy-is-a-scarce-resource 301
 /software/web-assembly-pixie-dust /link/web-assembly-pixie-dust 301
 /tech/crypto/nft-taylor-swift /link/nft-taylor-swift 301
 /software/nextjs/10.1 /link/nextjs-10.1 301
 /tech/disruption/outgrowing-software /link/outgrowing-software 301
 /health/covid-19/here-comes-the-third-wave /link/here-comes-the-third-wave 301
 /climate/shopify/purchases-15000-tonnes-dcc /link/purchases-15000-tonnes-dcc 301
 /tech/diversity/the-real-reason-for-silicon-valley-gender-bias /link/the-real-reason-for-silicon-valley-gender-bias 301
 /software/vscode/release-154 /link/vscode-release-154 301
 /health/covid-19/why-the-eu-is-sitting-on-vaccines /link/why-the-eu-is-sitting-on-vaccines 301
 /politics/us/jan-6-decades-in-the-making /link/jan-6-decades-in-the-making 301
 /tech/startups/bunch-new-seed-round /link/bunch-new-seed-round 301
 /management/offboarding/departing-employees-as-alumni /link/departing-employees-as-alumni 301
 /tech/apple/syringe-emoji-redo /link/syringe-emoji-redo 301
 /health/covid-19/one-third-of-germans-do-not-want-vaccine /link/one-third-of-germans-do-not-want-vaccine 301
 /climate/crypto/problem-with-crypto-art /link/problem-with-crypto-art 301
 /tech/business/ready-to-go-direct /link/ready-to-go-direct 301
 /software/careers/kristina-lustig /link/kristina-lustig 301
 /culture/internet/all-your-base-are-belong-to-us /link/all-your-base-are-belong-to-us 301
 /tech/business/the-great-unbundling /link/the-great-unbundling 301
 /remote/companies/spotify-choose-your-own-country /link/spotify-choose-your-own-country 301
 /tech/fintech/klarna-launches-banking-de /link/klarna-launches-banking-de 301
 /climate/nuclear/kurzgesagt-how-many-people-killed /link/kurzgesagt-how-many-people-killed 301
 /tech/pi/turing-pi /link/turing-pi 301
 /software/vscode/release-153 /link/vscode-release-153 301
 /health/covid-19/keep-breathing-bwjones-photos /link/keep-breathing-bwjones-photos 301
 /software/devrel/developer-experience-at-netlify /link/developer-experience-at-netlify 301
 /climate/microsoft/one-year-later /link/one-year-later 301
 /software/ios/blast-door /link/blast-door 301
 /software/web-analytics/hello-plausible /link/hello-plausible 301
 /finance/stocks/game-stop-reckoning-long-time-coming /link/game-stop-reckoning-long-time-coming 301
 /health/covid-19/europe-faces-vaccine-shortage /link/europe-faces-vaccine-shortage 301
 /health/covid-19/katerina-curating-ideas /link/katerina-curating-ideas 301
 /politics/arab-spring/cairo-10-years /link/cairo-10-years 301
 /tech/apple/iphone/todays-brownie /link/todays-brownie 301
 /tech/apple/airpods-max/ifixit-teardown /link/ifixit-teardown 301
 /health/covid-19/the-rickety-truck /link/the-rickety-truck 301
 /politics/us/fauci-unleashed /link/fauci-unleashed 301
 /tech/apple/iphone/shot-on-iphone-12 /link/shot-on-iphone-12 301
 /politics/us/complete-list-of-twitter-insults /link/complete-list-of-twitter-insults 301
 /deutschland/ordnung/myth-of-german-order /link/myth-of-german-order 301
 /personal-news/shopify/starting /post/starting-shopify 301
 /software/careers/preparing-for-technical-advisor /post/preparing-for-technical-advisor 301
 /tech/startups/cost-of-credits /post/cost-of-credits 301
 /tech/lg/ultrafine-24md4kl0b /post/ultrafine-24md4kl0b 301
 /politics/us/trump-acquitted-again /post/trump-acquitted-again 301
 /code/puzzles/aaaabbbcca /post/aaaabbbcca 301
 /personal-news/microsoft/leaving /post/leaving-microsoft 301
 /software/nextjs/experimentation /post/nextjs-experimentation 301
 /software/interviews/tripping-over-my-own-ego /post/tripping-over-my-own-ego 301
 /software/careers/how-do-i-work-best /post/how-do-i-work-best 301
 /deutschland/berlin/jungfernsee-sunset /photo/jungfernsee-sunset 301
 /deutschland/berlin/snowy-corner /photo/snowy-corner 301
 /deutschland/berlin/snowy-street-view /photo/snowy-street-view 301
 /deutschland/berlin/oberschulzentrum-wedding /photo/oberschulzentrum-wedding 301
 /ellada/santorini/evening-light /photo/santorini-evening-light 301